rows,stride,batch,checkpoint,sync,delay_us,mode,repeats,commits,mean_us,p50_us,p99_us,syncs_per_commit,bytes_per_commit,file_bytes
512,1,1,1,data,0,cow-manifest,4,128,2372.596,1810.686,6027.754,1.0078,40983.438,221184
512,1,1,64,all,0,cow-manifest,4,256,4878.614,4583.43,9874.449,1.0039,41047.719,221184
512,1,1,64,data,0,cow-manifest,4,512,2081.037,1696.094,5573.892,1.002,41079.859,221184
8192,137,1,64,data,0,cow-manifest,4,256,2014.905,1524.429,5665.701,1.0039,40181.188,1548288
512,1,64,1,data,0,cow-manifest,4,128,2248.198,1786.79,5836.81,1.0078,46182.625,212992
512,1,64,64,all,0,cow-manifest,4,256,4985.016,4800.122,9719.063,1.0039,46214.813,212992
512,1,64,64,data,0,cow-manifest,4,512,1846.965,1637.836,4540.518,1.002,46230.906,212992
8192,137,64,64,data,0,cow-manifest,4,256,1739.997,1462.036,5269.899,1.0039,45797.594,1548288
512,1,1,1,data,0,cow-two-sync,4,128,3867.733,3263.112,9170.816,2.0,40768.0,188416
512,1,1,64,all,0,cow-two-sync,4,256,9292.669,8874.562,16072.89,2.0,40864.0,188416
512,1,1,64,data,0,cow-two-sync,4,512,3249.391,2866.438,8260.017,2.0,40912.0,188416
8192,137,1,64,data,0,cow-two-sync,4,256,3154.633,2759.014,7968.358,2.0,40000.0,1515520
512,1,64,1,data,0,cow-two-sync,4,128,3566.315,3086.372,8355.997,2.0,45952.0,180224
512,1,64,64,all,0,cow-two-sync,4,256,9288.306,8667.917,14988.063,2.0,46016.0,180224
512,1,64,64,data,0,cow-two-sync,4,512,2944.14,2585.74,6942.262,2.0,46048.0,180224
8192,137,64,64,data,0,cow-two-sync,4,256,3177.779,2794.763,7748.849,2.0,45600.0,1515520
512,1,1,1,data,0,wal-embedded,4,128,5938.681,5075.175,12764.542,3.0,85632.0,233472
512,1,1,64,all,0,wal-embedded,4,256,4784.118,4270.9,13184.826,1.0313,46432.0,3072000
512,1,1,64,data,0,wal-embedded,4,512,2088.033,1662.603,5643.703,1.0313,46368.0,3072000
8192,137,1,64,data,0,wal-embedded,4,256,2014.679,1568.638,7082.332,1.0313,54944.0,4399104
512,1,64,1,data,0,wal-embedded,4,128,6205.922,5066.537,15346.233,3.0,96000.0,233472
512,1,64,64,all,0,wal-embedded,4,256,4876.816,4550.581,13315.527,1.0313,52224.0,3588096
512,1,64,64,data,0,wal-embedded,4,512,2050.482,1720.622,5297.421,1.0313,52160.0,3588096
8192,137,64,64,data,0,wal-embedded,4,256,1942.752,1522.301,6500.356,1.0313,64000.0,4923392
512,1,1,1,data,0,wal-external,4,128,5838.141,5154.133,12811.003,3.0,85632.0,233472
512,1,1,64,all,0,wal-external,4,256,5262.742,4739.347,14507.639,1.0313,46432.0,3072000
512,1,1,64,data,0,wal-external,4,512,2210.388,1810.73,6189.324,1.0313,46368.0,3072000
8192,137,1,64,data,0,wal-external,4,256,2165.302,1672.109,6838.589,1.0313,54944.0,4399104
512,1,64,1,data,0,wal-external,4,128,5828.769,4773.429,13243.148,3.0,96000.0,233472
512,1,64,64,all,0,wal-external,4,256,4552.237,4258.212,12292.763,1.0313,52224.0,3588096
512,1,64,64,data,0,wal-external,4,512,1868.077,1684.508,5241.167,1.0313,52160.0,3588096
8192,137,64,64,data,0,wal-external,4,256,1963.617,1566.692,6096.959,1.0313,64000.0,4923392
