revision,run,rows_per_commit,commits,ns_per_commit,bytes_per_commit,flushes_per_commit,growths_per_commit
current,1,1,256,2497167,41248,1.004,0.003906
current,1,64,256,8297311,42368,1.004,0.003906
current,2,1,256,2314594,41248,1.004,0.003906
current,2,64,256,2393458,42368,1.004,0.003906
current,3,1,256,2269181,41248,1.004,0.003906
current,3,64,256,2471270,42368,1.004,0.003906
current,4,1,256,2170515,41248,1.004,0.003906
current,4,64,256,2305178,42368,1.004,0.003906
current,5,1,256,2322724,41248,1.004,0.003906
current,5,64,256,1910313,42368,1.004,0.003906
current,6,1,256,2202259,41248,1.004,0.003906
current,6,64,256,2121865,42368,1.004,0.003906
master,1,1,256,3442977,41248,2.004,0.003906
master,1,64,256,4077134,42368,2.004,0.003906
master,2,1,256,3745461,41248,2.004,0.003906
master,2,64,256,4117143,42368,2.004,0.003906
master,3,1,256,3971777,41248,2.004,0.003906
master,3,64,256,3708878,42368,2.004,0.003906
master,4,1,256,3951668,41248,2.004,0.003906
master,4,64,256,4052064,42368,2.004,0.003906
master,5,1,256,2934761,41248,2.004,0.003906
master,5,64,256,3520859,42368,2.004,0.003906
master,6,1,256,3608272,41248,2.004,0.003906
master,6,64,256,3699726,42368,2.004,0.003906
